username,password,firstname,lastname,email,course1
huba,biteme,Hugh,Barrett,huba@ftu.dk,mytestcourse
tyll,phantom,Tyler,Lloyd,tyll@ftu.dk,mytestcourse
sojo,brian,Sophia,Johnston,sojo@ftu.dk,mytestcourse
raba,abcd,Ramona,Barnes,raba@ftu.dk,mytestcourse
cach,justice,Caleb,Chapman,cach@ftu.dk,mytestcourse
guwa,wildcats,Guillermo,Walsh,guwa@ftu.dk,mytestcourse
nilu,panties,Nina,Luna,nilu@ftu.dk,mytestcourse
calo,nemesis,Carol,Lowe,calo@ftu.dk,mytestcourse
trca,xxxxxx,Troy,Cain,trca@ftu.dk,mytestcourse
gemo,wolves,Geraldine,Moore,gemo@ftu.dk,mytestcourse
wewe,dolphins,Wesley,West,wewe@ftu.dk,mytestcourse
sest,willow,Sean,Stanley,sest@ftu.dk,mytestcourse
juga,hardon,Julio,Garza,juga@ftu.dk,mytestcourse
raha,hitman,Raymond,Harrison,raha@ftu.dk,mytestcourse
daha,liverpoo,Darin,Hayes,daha@ftu.dk,mytestcourse
shbe,toyota,Sharon,Bell,shbe@ftu.dk,mytestcourse
amgr,bunny,Amanda,Greene,amgr@ftu.dk,mytestcourse
maga,yankee,Maurice,Garcia,maga@ftu.dk,mytestcourse
cenu,platinum,Cecilia,Nunez,cenu@ftu.dk,mytestcourse
caph,squirt,Cary,Phillips,caph@ftu.dk,mytestcourse
joch,spiderma,Jody,Christensen,joch@ftu.dk,mytestcourse
jade,control,Jan,Dean,jade@ftu.dk,mytestcourse
bola,burton,Bobbie,Lawson,bola@ftu.dk,mytestcourse
glbl,boobs,Glenn,Blake,glbl@ftu.dk,mytestcourse
masm,adidas,Madeline,Smith,masm@ftu.dk,mytestcourse
jufe,shithead,June,Ferguson,jufe@ftu.dk,mytestcourse
jehu,rocks,Jean,Hunter,jehu@ftu.dk,mytestcourse
mawh,connor,Marlon,White,mawh@ftu.dk,mytestcourse
irmo,heka6w2,Irene,Morris,irmo@ftu.dk,mytestcourse
gopa,strike,Gordon,Parker,gopa@ftu.dk,mytestcourse
maco,psycho,Matthew,Collier,maco@ftu.dk,mytestcourse
alto,rachel,Al,Torres,alto@ftu.dk,mytestcourse
evpa,homer,Everett,Page,evpa@ftu.dk,mytestcourse
flco,james,Flora,Cox,flco@ftu.dk,mytestcourse
cogl,taurus,Colin,Glover,cogl@ftu.dk,mytestcourse
anba,porno,Annie,Bass,anba@ftu.dk,mytestcourse
tatr,ducati,Tanya,Tran,tatr@ftu.dk,mytestcourse
mach,simpson,Mary,Chandler,mach@ftu.dk,mytestcourse
yvgr,denise,Yvonne,Graham,yvgr@ftu.dk,mytestcourse
elcu,mookie,Elisa,Cunningham,elcu@ftu.dk,mytestcourse
dego,money1,Desiree,Goodman,dego@ftu.dk,mytestcourse
mica,lasvegas,Miranda,Caldwell,mica@ftu.dk,mytestcourse
nahe,rock,Nancy,Hernandez,nahe@ftu.dk,mytestcourse
kely,1q2w3e,Kellie,Lynch,kely@ftu.dk,mytestcourse
thte,broncos,Thomas,Terry,thte@ftu.dk,mytestcourse
dafo,barney,Dallas,Fowler,dafo@ftu.dk,mytestcourse
kava,wolfpack,Kathryn,Valdez,kava@ftu.dk,mytestcourse
ligi,cumming,Lisa,Gibson,ligi@ftu.dk,mytestcourse
agra,burton,Agnes,Ramsey,agra@ftu.dk,mytestcourse
cada,slayer,Cathy,Dawson,cada@ftu.dk,mytestcourse
albe,booboo,Alicia,Berry,albe@ftu.dk,mytestcourse
frma,adam,Freddie,Martinez,frma@ftu.dk,mytestcourse
jafl,leslie,Janie,Fleming,jafl@ftu.dk,mytestcourse
llfl,alpha1,Lloyd,Floyd,llfl@ftu.dk,mytestcourse
rawa,jack,Raul,Wagner,rawa@ftu.dk,mytestcourse
deke,pussy,Deborah,Kelly,deke@ftu.dk,mytestcourse
clad,54321,Claude,Adkins,clad@ftu.dk,mytestcourse
defi,james,Devin,Fisher,defi@ftu.dk,mytestcourse
boma,slut,Bonnie,Marshall,boma@ftu.dk,mytestcourse
mefi,spirit,Melinda,Fitzgerald,mefi@ftu.dk,mytestcourse
mywa,voyager,Myrtle,Walters,mywa@ftu.dk,mytestcourse
masi,suckit,Marcus,Silva,masi@ftu.dk,mytestcourse
emgu,eclipse,Emanuel,Guzman,emgu@ftu.dk,mytestcourse
mefig,cowboy,Melanie,Figueroa,mefig@ftu.dk,mytestcourse
roby,sticky,Roger,Byrd,roby@ftu.dk,mytestcourse
maca,suzuki,Marcia,Carter,maca@ftu.dk,mytestcourse
cesc,sarah,Cedric,Scott,cesc@ftu.dk,mytestcourse
kagr,rangers,Karen,Gross,kagr@ftu.dk,mytestcourse
viad,samsung,Virgil,Adams,viad@ftu.dk,mytestcourse
mamu,kelly,Marlene,Mullins,mamu@ftu.dk,mytestcourse
edma,jupiter,Edna,Mathis,edma@ftu.dk,mytestcourse
viro,cooper,Vincent,Roberson,viro@ftu.dk,mytestcourse
alfu,robert,Alton,Fuller,alfu@ftu.dk,mytestcourse
febo,playboy,Felicia,Boyd,febo@ftu.dk,mytestcourse
roca,theman,Ronnie,Castillo,roca@ftu.dk,mytestcourse
olba,asdfg,Olive,Banks,olba@ftu.dk,mytestcourse
begr,9999,Bernice,Griffin,begr@ftu.dk,mytestcourse
cymc,prince,Cynthia,Mccarthy,cymc@ftu.dk,mytestcourse
risc,pussycat,Richard,Schultz,risc@ftu.dk,mytestcourse
caru,balls,Carolyn,Russell,caru@ftu.dk,mytestcourse
caco,teresa,Caroline,Cortez,caco@ftu.dk,mytestcourse
cabo,vision,Casey,Boone,cabo@ftu.dk,mytestcourse
edhe,samsung,Edgar,Henry,edhe@ftu.dk,mytestcourse
jowa,fucked,Jody,Waters,jowa@ftu.dk,mytestcourse
patu,bill,Pauline,Tucker,patu@ftu.dk,mytestcourse
rosh,bunny,Rogelio,Shelton,rosh@ftu.dk,mytestcourse
erta,december,Ernest,Taylor,erta@ftu.dk,mytestcourse
sost,789456,Sonja,Steele,sost@ftu.dk,mytestcourse
chmo,cowboys,Christian,Moreno,chmo@ftu.dk,mytestcourse
lome,drummer,Lorenzo,Medina,lome@ftu.dk,mytestcourse
cagr,paris,Carroll,Grant,cagr@ftu.dk,mytestcourse
nosa,kimberly,Noah,Sanchez,nosa@ftu.dk,mytestcourse
shsa,tits,Sheri,Sanders,shsa@ftu.dk,mytestcourse
clri,midnight,Clark,Richardson,clri@ftu.dk,mytestcourse
saha,fisher,Sam,Harrington,saha@ftu.dk,mytestcourse
rean,leslie,Reginald,Andrews,rean@ftu.dk,mytestcourse
mepa,boobs,Meghan,Palmer,mepa@ftu.dk,mytestcourse
sawa,maximus,Saul,Wade,sawa@ftu.dk,mytestcourse
lebr,mouse,Levi,Briggs,lebr@ftu.dk,mytestcourse
limu,vagina,Linda,Murray,limu@ftu.dk,mytestcourse
brll,beach,Brandon,Lloyd,brll@ftu.dk,mytestcourse
vist,power,Vivian,Strickland,vist@ftu.dk,mytestcourse
lodo,camaro,Lorenzo,Doyle,lodo@ftu.dk,mytestcourse
juha,heather,Judy,Hall,juha@ftu.dk,mytestcourse
tamo,bunny,Tami,Morton,tamo@ftu.dk,mytestcourse
fldi,asdfasdf,Florence,Diaz,fldi@ftu.dk,mytestcourse
brgr,russia,Brandi,Greer,brgr@ftu.dk,mytestcourse
dere,raven,Debra,Reeves,dere@ftu.dk,mytestcourse
roto,ncc1701,Roberta,Torres,roto@ftu.dk,mytestcourse
loch,sniper,Louis,Chapman,loch@ftu.dk,mytestcourse
crbi,internet,Cristina,Bishop,crbi@ftu.dk,mytestcourse
mawe,teens,Mamie,Welch,mawe@ftu.dk,mytestcourse
frmu,free,Frances,Munoz,frmu@ftu.dk,mytestcourse
memo,1313,Meghan,Moore,memo@ftu.dk,mytestcourse
visu,black,Vincent,Sullivan,visu@ftu.dk,mytestcourse
debu,mexico,Dean,Buchanan,debu@ftu.dk,mytestcourse
dico,nicole,Diane,Colon,dico@ftu.dk,mytestcourse
pada,iloveyou,Paulette,Dawson,pada@ftu.dk,mytestcourse
rowo,alison,Roberto,Wolfe,rowo@ftu.dk,mytestcourse
nepr,shorty,Nellie,Pratt,nepr@ftu.dk,mytestcourse
edco,abc123,Edwin,Cohen,edco@ftu.dk,mytestcourse
shca,sexsex,Shannon,Carpenter,shca@ftu.dk,mytestcourse
sebr,girls,Seth,Bryan,sebr@ftu.dk,mytestcourse
esda,wolfgang,Esther,Daniel,esda@ftu.dk,mytestcourse
kapa,popcorn,Kayla,Patterson,kapa@ftu.dk,mytestcourse
raban,zxcvbn,Randolph,Banks,raban@ftu.dk,mytestcourse
lone,boogie,Lora,Nelson,lone@ftu.dk,mytestcourse
mawa,pervert,Max,Ward,mawa@ftu.dk,mytestcourse
cogr,timothy,Conrad,Griffith,cogr@ftu.dk,mytestcourse
befe,dick,Beulah,Fernandez,befe@ftu.dk,mytestcourse
wimi,spring,Wilma,Mills,wimi@ftu.dk,mytestcourse
arwi,badboy,Arnold,Wise,arwi@ftu.dk,mytestcourse
prha,rolltide,Preston,Hansen,prha@ftu.dk,mytestcourse
chpo,boobies,Charles,Powers,chpo@ftu.dk,mytestcourse
rhro,music,Rhonda,Robertson,rhro@ftu.dk,mytestcourse
mani,testtest,Margaret,Nichols,mani@ftu.dk,mytestcourse
dwdi,swimming,Dwayne,Dixon,dwdi@ftu.dk,mytestcourse
lesp,forest,Lewis,Spencer,lesp@ftu.dk,mytestcourse
alho,111111,Alison,Howell,alho@ftu.dk,mytestcourse
orli,cameron,Ora,Little,orli@ftu.dk,mytestcourse
krba,bbbbbb,Krystal,Barrett,krba@ftu.dk,mytestcourse
jogi,happy,Joel,Gibbs,jogi@ftu.dk,mytestcourse
rabl,4321,Randy,Blair,rabl@ftu.dk,mytestcourse
clpa,123456,Clarence,Paul,clpa@ftu.dk,mytestcourse
hope,scooter,Holly,Perkins,hope@ftu.dk,mytestcourse
anda,leslie,Annie,Day,anda@ftu.dk,mytestcourse
grga,bill,Greg,Garza,grga@ftu.dk,mytestcourse
momo,zzzzzz,Monique,Morrison,momo@ftu.dk,mytestcourse
kaca,buddy,Karen,Carr,kaca@ftu.dk,mytestcourse
dafr,avalon,Dale,French,dafr@ftu.dk,mytestcourse
roha,alaska,Rogelio,Harris,roha@ftu.dk,mytestcourse
jeph,passw0rd,Jeremiah,Phelps,jeph@ftu.dk,mytestcourse
taco,peaches,Tasha,Collins,taco@ftu.dk,mytestcourse
gele,54321,Gertrude,Lee,gele@ftu.dk,mytestcourse
lube,sparky,Lucas,Benson,lube@ftu.dk,mytestcourse
nowe,october,Norma,Weber,nowe@ftu.dk,mytestcourse
brol,white,Brenda,Oliver,brol@ftu.dk,mytestcourse
stow,zxcvbnm,Stewart,Owens,stow@ftu.dk,mytestcourse
allo,pussy,Alton,Logan,allo@ftu.dk,mytestcourse
lugr,000000,Luis,Graves,lugr@ftu.dk,mytestcourse
adwi,rachel,Adrian,Wilson,adwi@ftu.dk,mytestcourse
frwe,asdfgh,Frankie,Webster,frwe@ftu.dk,mytestcourse
laco,baby,Lauren,Collier,laco@ftu.dk,mytestcourse
prpo,popcorn,Priscilla,Powell,prpo@ftu.dk,mytestcourse
frmo,snickers,Francis,Morales,frmo@ftu.dk,mytestcourse
licu,berlin,Lindsay,Curry,licu@ftu.dk,mytestcourse
elbl,playboy,Elvira,Black,elbl@ftu.dk,mytestcourse
vaho,gators,Van,Holt,vaho@ftu.dk,mytestcourse
grin,captain,Grace,Ingram,grin@ftu.dk,mytestcourse
sawat,bang,Sara,Watson,sawat@ftu.dk,mytestcourse
mora,america,Mona,Ray,mora@ftu.dk,mytestcourse
anfi,bass,Andrew,Fisher,anfi@ftu.dk,mytestcourse
giba,katana,Gilbert,Barnes,giba@ftu.dk,mytestcourse
math,sydney,Marcella,Thompson,math@ftu.dk,mytestcourse
coth,gabriel,Cornelius,Thomas,coth@ftu.dk,mytestcourse
lema,boobs,Lee,Marshall,lema@ftu.dk,mytestcourse
fero,natalie,Felipe,Rowe,fero@ftu.dk,mytestcourse
eumu,nascar,Eugene,Murphy,eumu@ftu.dk,mytestcourse
jaha,qwert,Janis,Harper,jaha@ftu.dk,mytestcourse
rigr,courtney,Ricardo,Grant,rigr@ftu.dk,mytestcourse
thca,general,Theresa,Campbell,thca@ftu.dk,mytestcourse
doda,blue,Doyle,Davis,doda@ftu.dk,mytestcourse
erer,platinum,Erick,Erickson,erer@ftu.dk,mytestcourse
bowa,brown,Bob,Warren,bowa@ftu.dk,mytestcourse
jost,roland,Jody,Stevenson,jost@ftu.dk,mytestcourse
sude,good,Susan,Dennis,sude@ftu.dk,mytestcourse
jori,jaguar,Josefina,Rios,jori@ftu.dk,mytestcourse
jama,wanker,Jackie,Manning,jama@ftu.dk,mytestcourse
gume,forever,Guy,Medina,gume@ftu.dk,mytestcourse
elsp,bigdick,Ellen,Sparks,elsp@ftu.dk,mytestcourse
rasi,apples,Raquel,Silva,rasi@ftu.dk,mytestcourse
rire,ironman,Rickey,Reyes,rire@ftu.dk,mytestcourse
capo,whatever,Carl,Porter,capo@ftu.dk,mytestcourse
towo,internet,Tommy,Wong,towo@ftu.dk,mytestcourse
clly,cheese,Clint,Lynch,clly@ftu.dk,mytestcourse
mifr,softball,Miguel,Francis,mifr@ftu.dk,mytestcourse
dwro,austin,Dwight,Robinson,dwro@ftu.dk,mytestcourse
bist,thunder,Billie,Steele,bist@ftu.dk,mytestcourse
mifo,12345678,Minnie,Fowler,mifo@ftu.dk,mytestcourse
anli,asdfgh,Angelo,Lindsey,anli@ftu.dk,mytestcourse
raco,viking,Ralph,Copeland,raco@ftu.dk,mytestcourse
syad,wildcats,Sylvester,Adkins,syad@ftu.dk,mytestcourse
carui,testtest,Calvin,Ruiz,carui@ftu.dk,mytestcourse
kaor,lover,Kara,Ortiz,kaor@ftu.dk,mytestcourse
prbu,212121,Preston,Burke,prbu@ftu.dk,mytestcourse
jahi,sugar,Jan,Hill,jahi@ftu.dk,mytestcourse
vano,nothing,Valerie,Norris,vano@ftu.dk,mytestcourse
nali,scotland,Nathaniel,Lindsey,nali@ftu.dk,mytestcourse
brba,nemesis,Brandi,Bates,brba@ftu.dk,mytestcourse
peje,bass,Pedro,Jennings,peje@ftu.dk,mytestcourse
pawo,people,Pat,Woods,pawo@ftu.dk,mytestcourse
issh,maggie,Isaac,Sharp,issh@ftu.dk,mytestcourse
lafi,nintendo,Lana,Fields,lafi@ftu.dk,mytestcourse
albl,forever,Alma,Blake,albl@ftu.dk,mytestcourse
blba,cricket,Blanca,Baldwin,blba@ftu.dk,mytestcourse
deyo,suzuki,Delia,Young,deyo@ftu.dk,mytestcourse
toab,11111,Tom,Abbott,toab@ftu.dk,mytestcourse
jaja,kawasaki,Jared,Jacobs,jaja@ftu.dk,mytestcourse
dade,diablo,Darin,Dean,dade@ftu.dk,mytestcourse
mape,jessie,Manuel,Peters,mape@ftu.dk,mytestcourse
lete,wolverin,Lena,Terry,lete@ftu.dk,mytestcourse
refo,badass,Rebecca,Fox,refo@ftu.dk,mytestcourse
anwi,cunt,Anita,Wilson,anwi@ftu.dk,mytestcourse
bymo,people,Byron,Morales,bymo@ftu.dk,mytestcourse
defr,france,Debra,Frank,defr@ftu.dk,mytestcourse
nest,golden,Neil,Strickland,nest@ftu.dk,mytestcourse
mamc,nigger,Margie,Mcguire,mamc@ftu.dk,mytestcourse
clmc,olivia,Clifton,Mccarthy,clmc@ftu.dk,mytestcourse
sogr,snoopy,Sophia,Gross,sogr@ftu.dk,mytestcourse
mahe,iloveyou,Maria,Henry,mahe@ftu.dk,mytestcourse
angi,pimp,Anne,Gibbs,angi@ftu.dk,mytestcourse
stst,booty,Steve,Stone,stst@ftu.dk,mytestcourse
chbl,casper,Chad,Blair,chbl@ftu.dk,mytestcourse
maol,purple,Matthew,Oliver,maol@ftu.dk,mytestcourse
joho,jessie,Joyce,Hogan,joho@ftu.dk,mytestcourse
caca,mozart,Carl,Cain,caca@ftu.dk,mytestcourse
rile,abcdef,Ricardo,Lee,rile@ftu.dk,mytestcourse
dast,redhead,Darlene,Stephens,dast@ftu.dk,mytestcourse
rano,wolves,Randall,Norton,rano@ftu.dk,mytestcourse
kata,falcon,Karen,Taylor,kata@ftu.dk,mytestcourse
albu,parker,Allan,Burns,albu@ftu.dk,mytestcourse
shbu,harley,Shannon,Burton,shbu@ftu.dk,mytestcourse
ryda,michelle,Ryan,Dawson,ryda@ftu.dk,mytestcourse
clth,bollocks,Clint,Thomas,clth@ftu.dk,mytestcourse
vahu,winter,Van,Hughes,vahu@ftu.dk,mytestcourse
shhi,bear,Sheila,Higgins,shhi@ftu.dk,mytestcourse
jaro,pimpin,Jan,Romero,jaro@ftu.dk,mytestcourse
mamul,colorado,Martin,Mullins,mamul@ftu.dk,mytestcourse
ruba,chance,Ruby,Barrett,ruba@ftu.dk,mytestcourse
jola,tomcat,Jordan,Lambert,jola@ftu.dk,mytestcourse
dobe,alaska,Dora,Beck,dobe@ftu.dk,mytestcourse
mawal,people,Matt,Walters,mawal@ftu.dk,mytestcourse
elri,corvette,Elena,Richards,elri@ftu.dk,mytestcourse
mamcb,donkey,Mabel,Mcbride,mamcb@ftu.dk,mytestcourse
tolo,lauren,Tony,Lowe,tolo@ftu.dk,mytestcourse
sawe,hello,Santiago,Webster,sawe@ftu.dk,mytestcourse
hewa,steve,Herbert,Wallace,hewa@ftu.dk,mytestcourse
masu,poohbear,Marcia,Sutton,masu@ftu.dk,mytestcourse
rara,bigman,Ray,Ramsey,rara@ftu.dk,mytestcourse
thke,sweet,Theresa,Kelley,thke@ftu.dk,mytestcourse
duwe,brutus,Dustin,Wells,duwe@ftu.dk,mytestcourse
anha,newport,Antonio,Hanson,anha@ftu.dk,mytestcourse
beni,raymond,Betty,Nichols,beni@ftu.dk,mytestcourse
vimo,slayer,Virginia,Moreno,vimo@ftu.dk,mytestcourse
jahar,raider,Janie,Hardy,jahar@ftu.dk,mytestcourse
wmfi,rock,Wm,Figueroa,wmfi@ftu.dk,mytestcourse
saca,asdfasdf,Sara,Carpenter,saca@ftu.dk,mytestcourse
grll,time,Gretchen,Lloyd,grll@ftu.dk,mytestcourse
evro,general,Eva,Rodgers,evro@ftu.dk,mytestcourse
flca,poop,Floyd,Castillo,flca@ftu.dk,mytestcourse
caed,cheese,Casey,Edwards,caed@ftu.dk,mytestcourse
edbo,ncc1701,Edgar,Boone,edbo@ftu.dk,mytestcourse
gusi,789456,Guadalupe,Sims,gusi@ftu.dk,mytestcourse
deva,wizard,Delbert,Valdez,deva@ftu.dk,mytestcourse
jusi,passw0rd,Juan,Silva,jusi@ftu.dk,mytestcourse
shke,cumming,Shawna,Kelly,shke@ftu.dk,mytestcourse
legr,flowers,Lee,Gray,legr@ftu.dk,mytestcourse
raca,elvis,Raymond,Carter,raca@ftu.dk,mytestcourse
brca,explorer,Bradford,Casey,brca@ftu.dk,mytestcourse
bemo,hentai,Bennie,Moss,bemo@ftu.dk,mytestcourse
roro,cartman,Robert,Rodriguez,roro@ftu.dk,mytestcourse
brbo,1q2w3e,Brendan,Bowen,brbo@ftu.dk,mytestcourse
trde,daddy,Troy,Delgado,trde@ftu.dk,mytestcourse
gahu,amanda,Garry,Hunter,gahu@ftu.dk,mytestcourse
pami,howard,Pat,Mitchell,pami@ftu.dk,mytestcourse
erca,private,Ernestine,Caldwell,erca@ftu.dk,mytestcourse
roje,tiger,Rodolfo,Jenkins,roje@ftu.dk,mytestcourse
mema,scooby,Megan,Massey,mema@ftu.dk,mytestcourse
meol,bollocks,Melinda,Olson,meol@ftu.dk,mytestcourse
pahe,empire,Paul,Hernandez,pahe@ftu.dk,mytestcourse
yowi,dickhead,Yolanda,Wilkerson,yowi@ftu.dk,mytestcourse
jumc,white,Justin,Mccoy,jumc@ftu.dk,mytestcourse
wica,racing,Wilson,Carr,wica@ftu.dk,mytestcourse
jalu,barbara,Jaime,Lucas,jalu@ftu.dk,mytestcourse
engr,maryjane,Enrique,Griffin,engr@ftu.dk,mytestcourse
siag,rooster,Sidney,Aguilar,siag@ftu.dk,mytestcourse
cope,ginger,Cody,Pena,cope@ftu.dk,mytestcourse
chne,girls,Chris,Nelson,chne@ftu.dk,mytestcourse
cawi,scott,Camille,Wise,cawi@ftu.dk,mytestcourse
tyha,rebecca,Tyler,Hansen,tyha@ftu.dk,mytestcourse
rafo,raptor,Ramona,Fox,rafo@ftu.dk,mytestcourse
brsc,bunny,Brendan,Scott,brsc@ftu.dk,mytestcourse
sata,rosebud,Sarah,Tate,sata@ftu.dk,mytestcourse
mara,lucky,Mary,Ramsey,mara@ftu.dk,mytestcourse
limo,brittany,Lillian,Montgomery,limo@ftu.dk,mytestcourse
shob,calvin,Shelly,Obrien,shob@ftu.dk,mytestcourse
kewa,taylor,Kenny,Wallace,kewa@ftu.dk,mytestcourse
robo,thunder,Rosemary,Boone,robo@ftu.dk,mytestcourse
clsa,boston,Clara,Santos,clsa@ftu.dk,mytestcourse
miwe,babygirl,Micheal,West,miwe@ftu.dk,mytestcourse
lifl,ford,Lindsey,Floyd,lifl@ftu.dk,mytestcourse
juba,5555,Justin,Barnes,juba@ftu.dk,mytestcourse
erki,winner,Ernestine,King,erki@ftu.dk,mytestcourse
asre,shorty,Ashley,Reyes,asre@ftu.dk,mytestcourse
nobu,fucker,Nora,Burgess,nobu@ftu.dk,mytestcourse
frkn,baby,Francis,Knight,frkn@ftu.dk,mytestcourse
jagr,beer,Jan,Gray,jagr@ftu.dk,mytestcourse
brfr,claudia,Bridget,Frank,brfr@ftu.dk,mytestcourse
caba,casper,Catherine,Bailey,caba@ftu.dk,mytestcourse
elpa,pimpin,Elias,Parsons,elpa@ftu.dk,mytestcourse
elcl,4444,Elisa,Clark,elcl@ftu.dk,mytestcourse
bowal,nelson,Bob,Walsh,bowal@ftu.dk,mytestcourse
wmho,ford,Wm,Holloway,wmho@ftu.dk,mytestcourse
demo,sluts,Devin,Moreno,demo@ftu.dk,mytestcourse
clhu,amateur,Claire,Hudson,clhu@ftu.dk,mytestcourse
pare,sexsex,Pauline,Reeves,pare@ftu.dk,mytestcourse
faca,oscar,Faith,Caldwell,faca@ftu.dk,mytestcourse
pabo,cricket,Pablo,Bowman,pabo@ftu.dk,mytestcourse
semc,11111111,Sergio,Mcdonald,semc@ftu.dk,mytestcourse
rola,hawaii,Rodney,Lawrence,rola@ftu.dk,mytestcourse
wath,cunt,Warren,Thornton,wath@ftu.dk,mytestcourse
magr,toyota,Marc,Greene,magr@ftu.dk,mytestcourse
papa,voodoo,Pamela,Patton,papa@ftu.dk,mytestcourse
stpe,sharon,Steve,Peters,stpe@ftu.dk,mytestcourse
stmu,turkey,Steven,Mullins,stmu@ftu.dk,mytestcourse
lasu,crystal,Larry,Summers,lasu@ftu.dk,mytestcourse
tabl,loverboy,Tami,Blair,tabl@ftu.dk,mytestcourse
adge,suzuki,Adam,George,adge@ftu.dk,mytestcourse
gibu,winner,Gilberto,Burke,gibu@ftu.dk,mytestcourse
anri,runner,Anna,Rios,anri@ftu.dk,mytestcourse
brwe,brooke,Bryant,Weaver,brwe@ftu.dk,mytestcourse
anra,buffalo,Antonia,Ray,anra@ftu.dk,mytestcourse
anro,babygirl,Anita,Roberson,anro@ftu.dk,mytestcourse
hecr,champion,Henrietta,Craig,hecr@ftu.dk,mytestcourse
isfi,252525,Israel,Fitzgerald,isfi@ftu.dk,mytestcourse
josh,sucker,Josh,Sharp,josh@ftu.dk,mytestcourse
tejo,444444,Terrance,Johnston,tejo@ftu.dk,mytestcourse
mafr,shelby,Mathew,French,mafr@ftu.dk,mytestcourse
cosh,flowers,Cody,Sherman,cosh@ftu.dk,mytestcourse
rafi,penis,Rachel,Fields,rafi@ftu.dk,mytestcourse
rana,phantom,Randal,Nash,rana@ftu.dk,mytestcourse
lami,chelsea,Laurence,Mills,lami@ftu.dk,mytestcourse
jajo,texas,Jacquelyn,Joseph,jajo@ftu.dk,mytestcourse
vaja,wolf,Valerie,Jacobs,vaja@ftu.dk,mytestcourse
pali,christin,Pam,Little,pali@ftu.dk,mytestcourse
hogr,tony,Howard,Gregory,hogr@ftu.dk,mytestcourse
homu,hello,Hope,Munoz,homu@ftu.dk,mytestcourse
chje,qwert,Christie,Jefferson,chje@ftu.dk,mytestcourse
jaca,chicago,James,Castillo,jaca@ftu.dk,mytestcourse
tifi,barney,Tim,Figueroa,tifi@ftu.dk,mytestcourse
grty,barbara,Gregory,Tyler,grty@ftu.dk,mytestcourse
palin,brittany,Patrick,Lindsey,palin@ftu.dk,mytestcourse
test,britney,Teresa,Stone,test@ftu.dk,mytestcourse
roch,sublime,Ron,Chambers,roch@ftu.dk,mytestcourse
glgr,11111111,Gladys,Graham,glgr@ftu.dk,mytestcourse
jeel,helpme,Jeanne,Elliott,jeel@ftu.dk,mytestcourse
luho,braves,Lucia,Hogan,luho@ftu.dk,mytestcourse
clki,lasvegas,Clyde,Kim,clki@ftu.dk,mytestcourse
digo,august,Dianne,Goodwin,digo@ftu.dk,mytestcourse
erfe,sluts,Ervin,Fernandez,erfe@ftu.dk,mytestcourse
tima,zxcvbnm,Tiffany,Mann,tima@ftu.dk,mytestcourse
shme,raptor,Shawn,Medina,shme@ftu.dk,mytestcourse
krbr,passport,Kristopher,Brewer,krbr@ftu.dk,mytestcourse
wefr,runner,Wesley,Francis,wefr@ftu.dk,mytestcourse
degr,dreamer,Dexter,Grant,degr@ftu.dk,mytestcourse
edbe,digital,Edward,Bennett,edbe@ftu.dk,mytestcourse
evsa,sugar,Everett,Saunders,evsa@ftu.dk,mytestcourse
alfr,rock,Alvin,Franklin,alfr@ftu.dk,mytestcourse
almy,fender,Alfred,Myers,almy@ftu.dk,mytestcourse
guda,ironman,Guy,Davis,guda@ftu.dk,mytestcourse
jeco,victor,Jean,Cox,jeco@ftu.dk,mytestcourse
rewo,gators,Regina,Wolfe,rewo@ftu.dk,mytestcourse
kuco,sydney,Kurt,Cole,kuco@ftu.dk,mytestcourse
bawi,bigcock,Barry,Wilkerson,bawi@ftu.dk,mytestcourse
cata,death,Carlos,Taylor,cata@ftu.dk,mytestcourse
stcl,alexande,Stacey,Clayton,stcl@ftu.dk,mytestcourse
elwi,abcdefg,Eloise,Willis,elwi@ftu.dk,mytestcourse
lelo,online,Leticia,Long,lelo@ftu.dk,mytestcourse
johod,carmen,Joanna,Hodges,johod@ftu.dk,mytestcourse
sahu,jennifer,Salvador,Hubbard,sahu@ftu.dk,mytestcourse
krho,booger,Krystal,Hoffman,krho@ftu.dk,mytestcourse
milo,eagle,Michelle,Lopez,milo@ftu.dk,mytestcourse
thhu,gators,Thelma,Hunt,thhu@ftu.dk,mytestcourse
mico,chris1,Miriam,Collier,mico@ftu.dk,mytestcourse
hapi,security,Hazel,Pierce,hapi@ftu.dk,mytestcourse
wiwa,robert,Wilbur,Warner,wiwa@ftu.dk,mytestcourse
veba,shit,Vernon,Baker,veba@ftu.dk,mytestcourse
phal,444444,Phil,Alvarez,phal@ftu.dk,mytestcourse
cahu,adam,Casey,Huff,cahu@ftu.dk,mytestcourse
tiwe,123321,Timothy,Webb,tiwe@ftu.dk,mytestcourse
jowo,jimmy,Jo,Woods,jowo@ftu.dk,mytestcourse
reri,duke,Reginald,Rivera,reri@ftu.dk,mytestcourse
glta,eminem,Gloria,Tate,glta@ftu.dk,mytestcourse
jemc,panties,Jessie,Mccormick,jemc@ftu.dk,mytestcourse
bogr,whatever,Bobbie,Gray,bogr@ftu.dk,mytestcourse
loau,cameron,Lowell,Austin,loau@ftu.dk,mytestcourse
alga,bitches,Allison,Garrett,alga@ftu.dk,mytestcourse
jeki,champion,Jean,King,jeki@ftu.dk,mytestcourse
cobr,admin,Cora,Bryan,cobr@ftu.dk,mytestcourse
jacl,beach,Jay,Clarke,jacl@ftu.dk,mytestcourse
gapo,mercedes,Gail,Powell,gapo@ftu.dk,mytestcourse
gapop,nathan,Garry,Pope,gapop@ftu.dk,mytestcourse
cawil,johnson,Carrie,Willis,cawil@ftu.dk,mytestcourse
soba,dolphins,Sophie,Baldwin,soba@ftu.dk,mytestcourse
frgo,rachel,Frankie,Gonzalez,frgo@ftu.dk,mytestcourse
rujo,mercedes,Russell,Johnson,rujo@ftu.dk,mytestcourse
jore,looking,Joey,Reynolds,jore@ftu.dk,mytestcourse
rolan,melissa,Rosa,Lane,rolan@ftu.dk,mytestcourse
tesu,horney,Terri,Sutton,tesu@ftu.dk,mytestcourse
wimo,test123,Winifred,Morton,wimo@ftu.dk,mytestcourse
docl,fucking,Doyle,Clayton,docl@ftu.dk,mytestcourse
keha,carlos,Kelly,Hampton,keha@ftu.dk,mytestcourse
krva,explorer,Kristina,Vaughn,krva@ftu.dk,mytestcourse
tagr,champion,Tabitha,Gregory,tagr@ftu.dk,mytestcourse
vapo,qwerty,Valerie,Poole,vapo@ftu.dk,mytestcourse
brty,swordfis,Bryant,Tyler,brty@ftu.dk,mytestcourse
keos,7777,Ken,Osborne,keos@ftu.dk,mytestcourse
josa,yamaha,Johnny,Salazar,josa@ftu.dk,mytestcourse
teba,lovers,Terrence,Bates,teba@ftu.dk,mytestcourse
sago,mark,Santiago,Gomez,sago@ftu.dk,mytestcourse
leji,friends,Leon,Jimenez,leji@ftu.dk,mytestcourse
jemu,matt,Jeannette,Mullins,jemu@ftu.dk,mytestcourse
cowa,electric,Colin,Watkins,cowa@ftu.dk,mytestcourse
chjef,platinum,Charlene,Jefferson,chjef@ftu.dk,mytestcourse
phmo,hotrod,Phyllis,Morgan,phmo@ftu.dk,mytestcourse
dopa,michigan,Dorothy,Parks,dopa@ftu.dk,mytestcourse
nawe,slayer,Natasha,Wells,nawe@ftu.dk,mytestcourse
joha,naked,Johnnie,Hall,joha@ftu.dk,mytestcourse
roor,colorado,Ronald,Ortiz,roor@ftu.dk,mytestcourse
orro,121212,Orlando,Rogers,orro@ftu.dk,mytestcourse
gawa,coyote,Garrett,Watson,gawa@ftu.dk,mytestcourse
angu,scorpio,Angel,Guerrero,angu@ftu.dk,mytestcourse
mamur,alexis,Marjorie,Murray,mamur@ftu.dk,mytestcourse
kesa,oscar,Kenneth,Santos,kesa@ftu.dk,mytestcourse
negr,peekaboo,Neal,Gross,negr@ftu.dk,mytestcourse
rami,parker,Ramona,Mitchell,rami@ftu.dk,mytestcourse
jaco,buddy,Jan,Cole,jaco@ftu.dk,mytestcourse
irri,walter,Ira,Richards,irri@ftu.dk,mytestcourse
roly,thunder,Rolando,Lyons,roly@ftu.dk,mytestcourse
elto,matrix,Ellis,Torres,elto@ftu.dk,mytestcourse
cabr,paul,Carl,Briggs,cabr@ftu.dk,mytestcourse
mesp,maximus,Meredith,Sparks,mesp@ftu.dk,mytestcourse
robow,gabriel,Rodney,Bowman,robow@ftu.dk,mytestcourse
evma,gordon,Everett,May,evma@ftu.dk,mytestcourse
ercar,jenny,Ernestine,Carroll,ercar@ftu.dk,mytestcourse
carus,cobra,Carolyn,Russell,carus@ftu.dk,mytestcourse
dapa,red123,Dave,Padilla,dapa@ftu.dk,mytestcourse
lygr,hooker,Lynne,Graham,lygr@ftu.dk,mytestcourse
edpa,freedom,Ed,Payne,edpa@ftu.dk,mytestcourse
timu,peekaboo,Tina,Munoz,timu@ftu.dk,mytestcourse
blho,cartman,Blanca,Horton,blho@ftu.dk,mytestcourse
hobu,blowjob,Hope,Burton,hobu@ftu.dk,mytestcourse
inli,cowboy,Inez,Little,inli@ftu.dk,mytestcourse
elst,696969,Elaine,Stevens,elst@ftu.dk,mytestcourse
beca,electric,Becky,Carlson,beca@ftu.dk,mytestcourse
vica,reddog,Vivian,Casey,vica@ftu.dk,mytestcourse
hepe,ryan,Heidi,Peters,hepe@ftu.dk,mytestcourse
clga,horse,Claire,Garza,clga@ftu.dk,mytestcourse
domc,yankees,Dominick,Mckinney,domc@ftu.dk,mytestcourse
riwi,fireman,Richard,Wise,riwi@ftu.dk,mytestcourse
luar,tattoo,Luke,Arnold,luar@ftu.dk,mytestcourse
moma,gunner,Monique,Martin,moma@ftu.dk,mytestcourse
gehe,action,Geoffrey,Herrera,gehe@ftu.dk,mytestcourse
elma,berlin,Eleanor,Matthews,elma@ftu.dk,mytestcourse
erne,barney,Erick,Newton,erne@ftu.dk,mytestcourse
cebr,bullet,Cesar,Brown,cebr@ftu.dk,mytestcourse
paree,black,Pauline,Reese,paree@ftu.dk,mytestcourse
sujo,88888888,Sue,Jordan,sujo@ftu.dk,mytestcourse
jush,1234,Julie,Sherman,jush@ftu.dk,mytestcourse
depo,pussies,Della,Potter,depo@ftu.dk,mytestcourse
mill,123qwe,Mildred,Lloyd,mill@ftu.dk,mytestcourse
crpa,voyager,Cristina,Parsons,crpa@ftu.dk,mytestcourse
bewo,killer,Belinda,Wong,bewo@ftu.dk,mytestcourse
saki,garcia,Sammy,Kim,saki@ftu.dk,mytestcourse
rale,victor,Randal,Leonard,rale@ftu.dk,mytestcourse
dach,amateur,Dallas,Christensen,dach@ftu.dk,mytestcourse
hada,edward,Harriet,Daniels,hada@ftu.dk,mytestcourse
irjo,football,Iris,Joseph,irjo@ftu.dk,mytestcourse
alpi,anderson,Albert,Pierce,alpi@ftu.dk,mytestcourse
witu,skippy,William,Turner,witu@ftu.dk,mytestcourse
cebo,squirt,Cecil,Boone,cebo@ftu.dk,mytestcourse
myjo,cobra,Myron,Jones,myjo@ftu.dk,mytestcourse
kaer,zzzzzz,Karen,Erickson,kaer@ftu.dk,mytestcourse
wifo,xxxxxx,Willie,Fowler,wifo@ftu.dk,mytestcourse
dogl,heka6w2,Domingo,Glover,dogl@ftu.dk,mytestcourse
doba,diamond,Donnie,Ball,doba@ftu.dk,mytestcourse
mawea,xxxxx,Max,Weaver,mawea@ftu.dk,mytestcourse
brgo,chevelle,Bridget,Gordon,brgo@ftu.dk,mytestcourse
neal,marlboro,Nellie,Allen,neal@ftu.dk,mytestcourse
clba,bulldogs,Clifford,Barnett,clba@ftu.dk,mytestcourse
grdi,rocky,Gregg,Diaz,grdi@ftu.dk,mytestcourse
naco,pearljam,Nathan,Cole,naco@ftu.dk,mytestcourse
chya,snoopy,Chester,Yates,chya@ftu.dk,mytestcourse
adha,nintendo,Adrienne,Hampton,adha@ftu.dk,mytestcourse
shsn,steve,Shawn,Snyder,shsn@ftu.dk,mytestcourse
stgr,copper,Stacy,Graham,stgr@ftu.dk,mytestcourse
tywe,devils,Tyler,Webb,tywe@ftu.dk,mytestcourse
opby,brandy,Opal,Byrd,opby@ftu.dk,mytestcourse
hash,cartman,Harvey,Sharp,hash@ftu.dk,mytestcourse
joty,apples,Jody,Tyler,joty@ftu.dk,mytestcourse
clwi,bubbles,Clarence,Wise,clwi@ftu.dk,mytestcourse
naba,white,Naomi,Barrett,naba@ftu.dk,mytestcourse
suba,sandra,Sue,Bates,suba@ftu.dk,mytestcourse
isha,houston,Isabel,Hammond,isha@ftu.dk,mytestcourse
sitr,alicia,Sidney,Tran,sitr@ftu.dk,mytestcourse
jegr,xxxxxx,Jesus,Greene,jegr@ftu.dk,mytestcourse
wirh,cock,Wilbur,Rhodes,wirh@ftu.dk,mytestcourse
elsu,vincent,Elias,Sullivan,elsu@ftu.dk,mytestcourse
vidu,lucky1,Vicky,Duncan,vidu@ftu.dk,mytestcourse
rofe,giants,Rodolfo,Ferguson,rofe@ftu.dk,mytestcourse
beag,poop,Becky,Aguilar,beag@ftu.dk,mytestcourse
mast,swimming,Martin,Stephens,mast@ftu.dk,mytestcourse
tikn,charlie,Timothy,Knight,tikn@ftu.dk,mytestcourse
jael,williams,Janie,Elliott,jael@ftu.dk,mytestcourse
nero,dreamer,Neal,Rose,nero@ftu.dk,mytestcourse
ruro,willow,Rudy,Roy,ruro@ftu.dk,mytestcourse
anwil,accord,Andrew,Wilkins,anwil@ftu.dk,mytestcourse
esbe,trooper,Estelle,Becker,esbe@ftu.dk,mytestcourse
legi,stephen,Leah,Gilbert,legi@ftu.dk,mytestcourse
ribo,duke,Rick,Bowen,ribo@ftu.dk,mytestcourse
kech,rooster,Kelli,Christensen,kech@ftu.dk,mytestcourse
matu,555555,Marlene,Turner,matu@ftu.dk,mytestcourse
frgr,toyota,Francis,Grant,frgr@ftu.dk,mytestcourse
cacr,killer,Carol,Cruz,cacr@ftu.dk,mytestcourse
kape,gabriel,Katherine,Peterson,kape@ftu.dk,mytestcourse
abfe,159753,Abel,Fernandez,abfe@ftu.dk,mytestcourse
mope,junior,Morris,Perez,mope@ftu.dk,mytestcourse
mira,apollo,Mitchell,Ramsey,mira@ftu.dk,mytestcourse
irca,heather,Irvin,Carr,irca@ftu.dk,mytestcourse
dosa,abc123,Dominick,Salazar,dosa@ftu.dk,mytestcourse
olsh,diablo,Ollie,Sherman,olsh@ftu.dk,mytestcourse
masa,123456789,Max,Sanchez,masa@ftu.dk,mytestcourse
jake,mine,Jaime,Kelley,jake@ftu.dk,mytestcourse
chma,212121,Charles,Massey,chma@ftu.dk,mytestcourse
luro,thunder,Lucy,Robinson,luro@ftu.dk,mytestcourse
seco,trinity,Sean,Cohen,seco@ftu.dk,mytestcourse
japo,testtest,Jackie,Potter,japo@ftu.dk,mytestcourse
jewa,godzilla,Jesse,Watts,jewa@ftu.dk,mytestcourse
manic,zombie,Matt,Nichols,manic@ftu.dk,mytestcourse
daed,qwerty,Darryl,Edwards,daed@ftu.dk,mytestcourse
tafi,madmax,Tabitha,Fields,tafi@ftu.dk,mytestcourse
mama,scorpio,Marian,Malone,mama@ftu.dk,mytestcourse
yvte,racing,Yvonne,Terry,yvte@ftu.dk,mytestcourse
clsi,taurus,Clifford,Singleton,clsi@ftu.dk,mytestcourse
defu,vagina,Delores,Fuller,defu@ftu.dk,mytestcourse
anco,indian,Angel,Cook,anco@ftu.dk,mytestcourse
joau,pyramid,Joseph,Austin,joau@ftu.dk,mytestcourse
dies,sniper,Diana,Estrada,dies@ftu.dk,mytestcourse
pesa,fucker,Pearl,Santiago,pesa@ftu.dk,mytestcourse
roja,naughty,Robert,Jackson,roja@ftu.dk,mytestcourse
blbl,jackson,Blanche,Blair,blbl@ftu.dk,mytestcourse
palo,bobby,Patty,Logan,palo@ftu.dk,mytestcourse
idto,walker,Ida,Todd,idto@ftu.dk,mytestcourse
stro,mouse,Stewart,Robbins,stro@ftu.dk,mytestcourse
sust,55555,Susie,Stone,sust@ftu.dk,mytestcourse
ramc,edward,Randolph,Mccormick,ramc@ftu.dk,mytestcourse
desc,killer,Debra,Scott,desc@ftu.dk,mytestcourse
rywa,horny,Ryan,Warren,rywa@ftu.dk,mytestcourse
whow,55555,Whitney,Owens,whow@ftu.dk,mytestcourse
jobi,johnson,Jose,Bishop,jobi@ftu.dk,mytestcourse
rurob,lakers,Rufus,Roberson,rurob@ftu.dk,mytestcourse
dacu,fucking,Darrell,Cummings,dacu@ftu.dk,mytestcourse
kagu,aaaaaa,Kay,Guerrero,kagu@ftu.dk,mytestcourse
ermc,cassie,Erick,Mckinney,ermc@ftu.dk,mytestcourse
alwa,junior,Alfonso,Wallace,alwa@ftu.dk,mytestcourse
gwst,marine,Gwendolyn,Strickland,gwst@ftu.dk,mytestcourse
nene,johnson,Nettie,Newman,nene@ftu.dk,mytestcourse
vewi,bullet,Velma,Wilkerson,vewi@ftu.dk,mytestcourse
peal,candy,Peter,Alvarez,peal@ftu.dk,mytestcourse
syki,playboy,Sylvia,King,syki@ftu.dk,mytestcourse
dasi,chicks,Darlene,Simon,dasi@ftu.dk,mytestcourse
frmor,claudia,Freda,Morales,frmor@ftu.dk,mytestcourse
jara,blink182,Jaime,Ramos,jara@ftu.dk,mytestcourse
pajo,lakers,Patricia,Johnson,pajo@ftu.dk,mytestcourse
mabr,gordon,Mario,Bridges,mabr@ftu.dk,mytestcourse
alba,naughty,Alexander,Baker,alba@ftu.dk,mytestcourse
vawa,patricia,Valerie,Wade,vawa@ftu.dk,mytestcourse
wimil,soccer,Winifred,Miller,wimil@ftu.dk,mytestcourse
bowe,copper,Boyd,Weaver,bowe@ftu.dk,mytestcourse
alha,arsenal,Alvin,Harrington,alha@ftu.dk,mytestcourse
rajo,champion,Randy,Jones,rajo@ftu.dk,mytestcourse
madu,surfer,Marcia,Dunn,madu@ftu.dk,mytestcourse
aplo,electric,April,Long,aplo@ftu.dk,mytestcourse
fama,michigan,Fannie,Matthews,fama@ftu.dk,mytestcourse
shhin,chronic,Shannon,Hines,shhin@ftu.dk,mytestcourse
fral,shadow,Francis,Alvarado,fral@ftu.dk,mytestcourse
anbar,baxter,Anthony,Barber,anbar@ftu.dk,mytestcourse
alno,bigmac,Allison,Norris,alno@ftu.dk,mytestcourse
mosu,redhead,Moses,Sutton,mosu@ftu.dk,mytestcourse
trly,thx1138,Tracy,Lyons,trly@ftu.dk,mytestcourse
joru,slut,Joann,Russell,joru@ftu.dk,mytestcourse
cowad,metallic,Cornelius,Wade,cowad@ftu.dk,mytestcourse
mabri,bonnie,Marcella,Briggs,mabri@ftu.dk,mytestcourse
machr,fred,Mable,Christensen,machr@ftu.dk,mytestcourse
vimor,testing,Victor,Morrison,vimor@ftu.dk,mytestcourse
dalo,party,David,Love,dalo@ftu.dk,mytestcourse
magri,football,Marcia,Griffin,magri@ftu.dk,mytestcourse
evel,brazil,Evan,Ellis,evel@ftu.dk,mytestcourse
rohal,batman,Rogelio,Hall,rohal@ftu.dk,mytestcourse
jusim,saints,Juana,Sims,jusim@ftu.dk,mytestcourse
brco,freddy,Brandi,Collier,brco@ftu.dk,mytestcourse
jeda,jordan23,Jeanne,Davidson,jeda@ftu.dk,mytestcourse
cocu,dodgers,Colleen,Curry,cocu@ftu.dk,mytestcourse
masto,jackson,Marjorie,Stokes,masto@ftu.dk,mytestcourse
euca,hockey,Eula,Carr,euca@ftu.dk,mytestcourse
paco,xxxxxxxx,Pamela,Cook,paco@ftu.dk,mytestcourse
elca,elizabet,Ella,Caldwell,elca@ftu.dk,mytestcourse
joki,turkey,Jody,Kim,joki@ftu.dk,mytestcourse
rocha,squirt,Roderick,Chavez,rocha@ftu.dk,mytestcourse
niha,mozart,Nick,Hansen,niha@ftu.dk,mytestcourse
mamck,wilson,Marian,Mckinney,mamck@ftu.dk,mytestcourse
elev,spiderma,Elsie,Evans,elev@ftu.dk,mytestcourse
cadaw,matrix,Candice,Dawson,cadaw@ftu.dk,mytestcourse
abdi,michelle,Abraham,Diaz,abdi@ftu.dk,mytestcourse
chwa,georgia,Christy,Waters,chwa@ftu.dk,mytestcourse
toro,gordon,Tom,Robbins,toro@ftu.dk,mytestcourse
ordo,skippy,Orlando,Doyle,ordo@ftu.dk,mytestcourse
shra,norman,Shelley,Ramirez,shra@ftu.dk,mytestcourse
brra,disney,Brett,Ray,brra@ftu.dk,mytestcourse
ruja,2112,Russell,Jacobs,ruja@ftu.dk,mytestcourse
frro,party,Francisco,Romero,frro@ftu.dk,mytestcourse
bowi,lights,Bobbie,Wilkins,bowi@ftu.dk,mytestcourse
juta,fucked,Julio,Taylor,juta@ftu.dk,mytestcourse
mawo,monster,Marlene,Woods,mawo@ftu.dk,mytestcourse
memoo,bigtits,Megan,Moore,memoo@ftu.dk,mytestcourse
daca,liberty,Darryl,Cannon,daca@ftu.dk,mytestcourse
arpa,cardinal,Armando,Page,arpa@ftu.dk,mytestcourse
anow,free,Angie,Owen,anow@ftu.dk,mytestcourse
vipa,caroline,Vincent,Patrick,vipa@ftu.dk,mytestcourse
tato,smokey,Tamara,Townsend,tato@ftu.dk,mytestcourse
wamc,young,Wanda,Mccoy,wamc@ftu.dk,mytestcourse
reba,college,Regina,Barber,reba@ftu.dk,mytestcourse
lefl,junior,Leigh,Fletcher,lefl@ftu.dk,mytestcourse
shcl,smokey,Shannon,Clark,shcl@ftu.dk,mytestcourse
lebe,goober,Lester,Bennett,lebe@ftu.dk,mytestcourse
mamo,bigred,Mae,Montgomery,mamo@ftu.dk,mytestcourse
mari,azerty,Mack,Rivera,mari@ftu.dk,mytestcourse
dogr,trouble,Doris,Greene,dogr@ftu.dk,mytestcourse
cico,dreamer,Cindy,Cox,cico@ftu.dk,mytestcourse
kano,williams,Katie,Norman,kano@ftu.dk,mytestcourse
olcl,alaska,Ollie,Clayton,olcl@ftu.dk,mytestcourse
toco,sailor,Toni,Cobb,toco@ftu.dk,mytestcourse
alro,samuel,Alberta,Robertson,alro@ftu.dk,mytestcourse
stros,sugar,Stella,Rose,stros@ftu.dk,mytestcourse
krfe,poohbear,Kristen,Ferguson,krfe@ftu.dk,mytestcourse
trsa,enigma,Troy,Sanders,trsa@ftu.dk,mytestcourse
jadi,money,Janie,Dixon,jadi@ftu.dk,mytestcourse
edfi,chicken,Edna,Figueroa,edfi@ftu.dk,mytestcourse
hoby,bambam,Hope,Byrd,hoby@ftu.dk,mytestcourse
noan,lacrosse,Noel,Anderson,noan@ftu.dk,mytestcourse
rasu,charles,Randy,Sullivan,rasu@ftu.dk,mytestcourse
dapat,stephen,Damon,Patton,dapat@ftu.dk,mytestcourse
jeli,crazy,Jeannie,Lindsey,jeli@ftu.dk,mytestcourse
heve,hotrod,Henry,Vega,heve@ftu.dk,mytestcourse
boha,monday,Bob,Harmon,boha@ftu.dk,mytestcourse
prsm,angels,Priscilla,Smith,prsm@ftu.dk,mytestcourse
esag,murphy,Essie,Aguilar,esag@ftu.dk,mytestcourse
dopay,duncan,Domingo,Payne,dopay@ftu.dk,mytestcourse
loco,cooper,Lorraine,Conner,loco@ftu.dk,mytestcourse
kakn,dirty,Karen,Knight,kakn@ftu.dk,mytestcourse
anno,avalon,Ana,Norris,anno@ftu.dk,mytestcourse
pawa,badboy,Patrick,Walsh,pawa@ftu.dk,mytestcourse
raho,spiderma,Raquel,Houston,raho@ftu.dk,mytestcourse
wiva,qwertyui,Wilson,Vasquez,wiva@ftu.dk,mytestcourse
leph,biteme,Lena,Phelps,leph@ftu.dk,mytestcourse
clwe,peekaboo,Clyde,West,clwe@ftu.dk,mytestcourse
mata,corvette,Malcolm,Tate,mata@ftu.dk,mytestcourse
emfl,walter,Emanuel,Flowers,emfl@ftu.dk,mytestcourse
mamcg,candy,Marta,Mcguire,mamcg@ftu.dk,mytestcourse
elba,kodiak,Eloise,Ball,elba@ftu.dk,mytestcourse
ispi,jackson,Isabel,Pierce,ispi@ftu.dk,mytestcourse
krsa,hentai,Krista,Sandoval,krsa@ftu.dk,mytestcourse
kupo,britney,Kurt,Powell,kupo@ftu.dk,mytestcourse
guly,123abc,Guy,Lynch,guly@ftu.dk,mytestcourse
sash,jones,Sandy,Sherman,sash@ftu.dk,mytestcourse
kero,naughty,Kerry,Roy,kero@ftu.dk,mytestcourse
pefr,francis,Pete,Frazier,pefr@ftu.dk,mytestcourse
vehu,steelers,Vera,Hudson,vehu@ftu.dk,mytestcourse
grfe,hello,Gretchen,Fernandez,grfe@ftu.dk,mytestcourse
beva,semperfi,Bethany,Vargas,beva@ftu.dk,mytestcourse
adhar,woody,Adrian,Harvey,adhar@ftu.dk,mytestcourse
erhu,hunting,Erma,Hunt,erhu@ftu.dk,mytestcourse
juja,ironman,Juan,James,juja@ftu.dk,mytestcourse
shwi,marines,Shawna,Williams,shwi@ftu.dk,mytestcourse
robe,arthur,Robin,Beck,robe@ftu.dk,mytestcourse
joba,trooper,Joe,Barton,joba@ftu.dk,mytestcourse
chme,stingray,Chester,Meyer,chme@ftu.dk,mytestcourse
sula,lesbian,Sue,Lambert,sula@ftu.dk,mytestcourse
lopr,asdf,Lorena,Pratt,lopr@ftu.dk,mytestcourse
frst,cherokee,Francis,Stone,frst@ftu.dk,mytestcourse
royo,bonnie,Robin,Young,royo@ftu.dk,mytestcourse
olsa,control,Olga,Santos,olsa@ftu.dk,mytestcourse
runo,freddy,Rudy,Norton,runo@ftu.dk,mytestcourse
glge,vincent,Gloria,George,glge@ftu.dk,mytestcourse
digor,magic,Dianne,Gordon,digor@ftu.dk,mytestcourse
mima,peanut,Mildred,Malone,mima@ftu.dk,mytestcourse
leho,gateway,Leroy,Hoffman,leho@ftu.dk,mytestcourse
nemi,fred,Neil,Miles,nemi@ftu.dk,mytestcourse
micu,metallic,Miguel,Cunningham,micu@ftu.dk,mytestcourse
trmu,walter,Traci,Murray,trmu@ftu.dk,mytestcourse
eiph,ducati,Eileen,Phelps,eiph@ftu.dk,mytestcourse
anwe,player,Ann,Weber,anwe@ftu.dk,mytestcourse
frch,froggy,Francis,Christensen,frch@ftu.dk,mytestcourse
casi,boobies,Carmen,Singleton,casi@ftu.dk,mytestcourse
vime,adidas,Vincent,Mendez,vime@ftu.dk,mytestcourse
sagoo,chevelle,Sadie,Goodwin,sagoo@ftu.dk,mytestcourse
leda,jimmy,Lena,Day,leda@ftu.dk,mytestcourse
stbr,mine,Stacey,Brooks,stbr@ftu.dk,mytestcourse
jeed,internet,Jerry,Edwards,jeed@ftu.dk,mytestcourse
rabu,samson,Raul,Burns,rabu@ftu.dk,mytestcourse
nael,yamaha,Nathan,Ellis,nael@ftu.dk,mytestcourse
caal,bigdick,Casey,Alvarez,caal@ftu.dk,mytestcourse
anga,alyssa,Anthony,Gardner,anga@ftu.dk,mytestcourse
anal,george,Angie,Alexander,anal@ftu.dk,mytestcourse
alma,classic,Alyssa,Massey,alma@ftu.dk,mytestcourse
admo,melanie,Adrian,Morgan,admo@ftu.dk,mytestcourse
paan,maxwell,Pamela,Anderson,paan@ftu.dk,mytestcourse
krha,green,Kristen,Hardy,krha@ftu.dk,mytestcourse
rocham,amateur,Robin,Chambers,rocham@ftu.dk,mytestcourse
gajo,bond007,Gary,Jones,gajo@ftu.dk,mytestcourse
reho,rocket,Rebecca,Horton,reho@ftu.dk,mytestcourse
kest,money,Kendra,Stokes,kest@ftu.dk,mytestcourse
gepa,silver,Georgia,Patrick,gepa@ftu.dk,mytestcourse
huki,88888888,Hugo,King,huki@ftu.dk,mytestcourse
heco,raptor,Hector,Copeland,heco@ftu.dk,mytestcourse
ango,sammy,Angela,Gonzalez,ango@ftu.dk,mytestcourse
glmu,marcus,Glenn,Munoz,glmu@ftu.dk,mytestcourse
houn,bigcock,Holly,Underwood,houn@ftu.dk,mytestcourse
digom,asdfgh,Dianna,Gomez,digom@ftu.dk,mytestcourse
jafo,chris,Jay,Ford,jafo@ftu.dk,mytestcourse
kigr,brother,Kim,Griffin,kigr@ftu.dk,mytestcourse
mene,swordfis,Meredith,Nelson,mene@ftu.dk,mytestcourse
saba,mustang,Santiago,Barnett,saba@ftu.dk,mytestcourse
kewag,vincent,Kelli,Wagner,kewag@ftu.dk,mytestcourse
krsal,marshall,Krystal,Salazar,krsal@ftu.dk,mytestcourse
dasim,billy,Dana,Sims,dasim@ftu.dk,mytestcourse
cuje,calvin,Curtis,Jennings,cuje@ftu.dk,mytestcourse
losc,hannah,Lora,Scott,losc@ftu.dk,mytestcourse
laje,fred,Larry,Jefferson,laje@ftu.dk,mytestcourse
hokl,nelson,Horace,Klein,hokl@ftu.dk,mytestcourse
trba,blowjob,Troy,Barber,trba@ftu.dk,mytestcourse
mamcd,winter,Marsha,Mcdaniel,mamcd@ftu.dk,mytestcourse
medo,sweet,Melanie,Doyle,medo@ftu.dk,mytestcourse
chev,alison,Charlotte,Evans,chev@ftu.dk,mytestcourse
jobak,maggie,Jonathan,Baker,jobak@ftu.dk,mytestcourse
hero,bubbles,Helen,Romero,hero@ftu.dk,mytestcourse
shcr,kelly,Sheila,Cross,shcr@ftu.dk,mytestcourse
lene,light,Leona,Newman,lene@ftu.dk,mytestcourse
degi,srinivas,Dexter,Gibson,degi@ftu.dk,mytestcourse
palu,marine,Pat,Luna,palu@ftu.dk,mytestcourse
chbe,bbbbbb,Charles,Benson,chbe@ftu.dk,mytestcourse
ambo,walker,Amy,Boyd,ambo@ftu.dk,mytestcourse
sere,white,Sergio,Reeves,sere@ftu.dk,mytestcourse
flcl,donkey,Floyd,Clayton,flcl@ftu.dk,mytestcourse
fedi,scotland,Fernando,Dixon,fedi@ftu.dk,mytestcourse
kagi,mercury,Karen,Gill,kagi@ftu.dk,mytestcourse
llga,richard,Lloyd,Garza,llga@ftu.dk,mytestcourse
apsa,dolphins,April,Saunders,apsa@ftu.dk,mytestcourse
eugr,hardcore,Eunice,Graham,eugr@ftu.dk,mytestcourse
rosi,allison,Rosemary,Simon,rosi@ftu.dk,mytestcourse
micoh,tiger1,Miriam,Cohen,micoh@ftu.dk,mytestcourse
kawi,timothy,Kate,Wilkerson,kawi@ftu.dk,mytestcourse
role,gunner,Roman,Lewis,role@ftu.dk,mytestcourse
shlo,flyers,Shawn,Lowe,shlo@ftu.dk,mytestcourse
luha,jack,Luther,Hart,luha@ftu.dk,mytestcourse
leor,access,Leonard,Ortiz,leor@ftu.dk,mytestcourse
abbe,godzilla,Abel,Becker,abbe@ftu.dk,mytestcourse
ledo,asdf,Leah,Douglas,ledo@ftu.dk,mytestcourse
bohan,letmein1,Bob,Hansen,bohan@ftu.dk,mytestcourse
jewat,shaved,Jenna,Watson,jewat@ftu.dk,mytestcourse
arwa,raider,Arturo,Walton,arwa@ftu.dk,mytestcourse
gupo,marines,Guy,Powers,gupo@ftu.dk,mytestcourse
cost,scooter,Constance,Stephens,cost@ftu.dk,mytestcourse
arst,beatles,Arlene,Stanley,arst@ftu.dk,mytestcourse
viri,232323,Vickie,Rice,viri@ftu.dk,mytestcourse
bapa,hardon,Barbara,Parker,bapa@ftu.dk,mytestcourse
lawo,melissa,Lance,Wood,lawo@ftu.dk,mytestcourse
niwa,999999,Nicole,Wade,niwa@ftu.dk,mytestcourse
guha,hawkeye,Guadalupe,Hayes,guha@ftu.dk,mytestcourse
alkn,tucker,Alma,Knight,alkn@ftu.dk,mytestcourse
jegra,cool,Jesse,Graves,jegra@ftu.dk,mytestcourse
hacu,ou812,Harry,Curry,hacu@ftu.dk,mytestcourse
saco,houston,Sally,Collier,saco@ftu.dk,mytestcourse
ster,timothy,Steven,Erickson,ster@ftu.dk,mytestcourse
vewe,windows,Vernon,West,vewe@ftu.dk,mytestcourse
sahar,apples,Samantha,Harris,sahar@ftu.dk,mytestcourse
misi,looking,Misty,Simpson,misi@ftu.dk,mytestcourse
clma,shorty,Claire,Martinez,clma@ftu.dk,mytestcourse
misu,wildcat,Mindy,Sullivan,misu@ftu.dk,mytestcourse
macal,wildcats,Malcolm,Caldwell,macal@ftu.dk,mytestcourse
pasc,people,Patsy,Scott,pasc@ftu.dk,mytestcourse
edal,alicia,Ed,Alexander,edal@ftu.dk,mytestcourse
mesw,topgun,Melba,Swanson,mesw@ftu.dk,mytestcourse
elng,mark,Elaine,Nguyen,elng@ftu.dk,mytestcourse
wigi,scotland,Willie,Gill,wigi@ftu.dk,mytestcourse
anmo,xxxxxx,Ann,Moore,anmo@ftu.dk,mytestcourse
jone,broncos,Jon,Nelson,jone@ftu.dk,mytestcourse
cari,michael,Casey,Rios,cari@ftu.dk,mytestcourse
cozi,cassie,Colleen,Zimmerman,cozi@ftu.dk,mytestcourse
brwea,turtle,Brandi,Weaver,brwea@ftu.dk,mytestcourse
chwas,danielle,Christy,Washington,chwas@ftu.dk,mytestcourse
cova,pepper,Courtney,Valdez,cova@ftu.dk,mytestcourse
romo,asdfghjk,Robin,Morris,romo@ftu.dk,mytestcourse
lolo,hardcore,Lola,Lopez,lolo@ftu.dk,mytestcourse
leal,wolverin,Leonard,Alvarez,leal@ftu.dk,mytestcourse
anan,chicken,Angelo,Anderson,anan@ftu.dk,mytestcourse
hoja,galore,Homer,James,hoja@ftu.dk,mytestcourse
chgo,assman,Christie,Gonzalez,chgo@ftu.dk,mytestcourse
flli,marvin,Floyd,Little,flli@ftu.dk,mytestcourse
kapau,winter,Karen,Paul,kapau@ftu.dk,mytestcourse
pekl,arthur,Perry,Klein,pekl@ftu.dk,mytestcourse
dogo,princess,Donald,Gomez,dogo@ftu.dk,mytestcourse
mamay,heka6w2,Marguerite,May,mamay@ftu.dk,mytestcourse
angr,123qwe,Angela,Gregory,angr@ftu.dk,mytestcourse
arho,video,Arlene,Holmes,arho@ftu.dk,mytestcourse
isad,suckit,Israel,Adkins,isad@ftu.dk,mytestcourse
leba,scarface,Lester,Barrett,leba@ftu.dk,mytestcourse
nihu,eagles,Nick,Hunter,nihu@ftu.dk,mytestcourse
kegr,tiger,Kelley,Greer,kegr@ftu.dk,mytestcourse
jasc,xxxxxxxx,Jared,Schneider,jasc@ftu.dk,mytestcourse
dwpi,douglas,Dwayne,Pittman,dwpi@ftu.dk,mytestcourse
vamo,elephant,Van,Morton,vamo@ftu.dk,mytestcourse
tedr,golden,Terri,Drake,tedr@ftu.dk,mytestcourse
lusa,iceman,Lucas,Santiago,lusa@ftu.dk,mytestcourse
jach,empire,Jamie,Christensen,jach@ftu.dk,mytestcourse
jebr,alex,Jerry,Brady,jebr@ftu.dk,mytestcourse
zasa,camaro,Zachary,Sandoval,zasa@ftu.dk,mytestcourse
ranor,william,Ramon,Norris,ranor@ftu.dk,mytestcourse
dodo,chris,Donna,Douglas,dodo@ftu.dk,mytestcourse
leun,diablo,Leroy,Underwood,leun@ftu.dk,mytestcourse
josi,free,Jo,Singleton,josi@ftu.dk,mytestcourse
blst,porn,Blanca,Stewart,blst@ftu.dk,mytestcourse
amda,biteme,Amelia,Dawson,amda@ftu.dk,mytestcourse
trsi,bigtits,Traci,Simon,trsi@ftu.dk,mytestcourse
frre,abcd1234,Frederick,Reyes,frre@ftu.dk,mytestcourse
phpa,zachary,Phillip,Patton,phpa@ftu.dk,mytestcourse
vich,austin,Victor,Chandler,vich@ftu.dk,mytestcourse
jeha,dreams,Jennifer,Harrington,jeha@ftu.dk,mytestcourse
debo,420420,Dewey,Bowers,debo@ftu.dk,mytestcourse
dawa,scotty,Daryl,Watkins,dawa@ftu.dk,mytestcourse
gela,bastard,Geoffrey,Lawson,gela@ftu.dk,mytestcourse
jeho,iwantu,Jeanette,Horton,jeho@ftu.dk,mytestcourse
grgr,kitty,Grace,Grant,grgr@ftu.dk,mytestcourse
olho,donald,Ollie,Houston,olho@ftu.dk,mytestcourse
defo,shithead,Deborah,Ford,defo@ftu.dk,mytestcourse
dica,tattoo,Dianne,Casey,dica@ftu.dk,mytestcourse
clfr,cowboy,Clifford,Franklin,clfr@ftu.dk,mytestcourse
anwa,jenny,Angel,Waters,anwa@ftu.dk,mytestcourse
thda,steve,Theodore,Davidson,thda@ftu.dk,mytestcourse
rocar,teresa,Ronald,Carpenter,rocar@ftu.dk,mytestcourse
cabu,nicole,Camille,Bush,cabu@ftu.dk,mytestcourse
socl,zachary,Sonya,Clark,socl@ftu.dk,mytestcourse
pach,cardinal,Pat,Chapman,pach@ftu.dk,mytestcourse
toma,smooth,Todd,Mack,toma@ftu.dk,mytestcourse
brmo,hawaii,Brandon,Moran,brmo@ftu.dk,mytestcourse
erpe,nigger,Ernesto,Perez,erpe@ftu.dk,mytestcourse
shfl,murphy,Sherri,Floyd,shfl@ftu.dk,mytestcourse
maba,remember,Marion,Ballard,maba@ftu.dk,mytestcourse
maja,happy1,Marianne,Jacobs,maja@ftu.dk,mytestcourse
sysu,viking,Sylvester,Summers,sysu@ftu.dk,mytestcourse
anar,carmen,Angie,Arnold,anar@ftu.dk,mytestcourse
ansa,scooter,Anita,Saunders,ansa@ftu.dk,mytestcourse
kada,theman,Karla,Daniels,kada@ftu.dk,mytestcourse
krro,lovers,Kristen,Rodriquez,krro@ftu.dk,mytestcourse
save,voyager,Sarah,Vega,save@ftu.dk,mytestcourse
rifr,eugene,Ricardo,Freeman,rifr@ftu.dk,mytestcourse
memc,panther,Melvin,Mcgee,memc@ftu.dk,mytestcourse
mamor,3333,Marvin,Morrison,mamor@ftu.dk,mytestcourse
kewr,qazwsx,Kelly,Wright,kewr@ftu.dk,mytestcourse
temc,159753,Terence,Mcdaniel,temc@ftu.dk,mytestcourse
reha,walter,Rene,Haynes,reha@ftu.dk,mytestcourse
wmgr,1qaz2wsx,Wm,Green,wmgr@ftu.dk,mytestcourse
mimc,cookie,Micheal,Mccormick,mimc@ftu.dk,mytestcourse
dape,123abc,Darin,Perry,dape@ftu.dk,mytestcourse
rohar,steve,Rodolfo,Hardy,rohar@ftu.dk,mytestcourse
keba,eatme,Keith,Bailey,keba@ftu.dk,mytestcourse
lenew,sandman,Lewis,Newton,lenew@ftu.dk,mytestcourse
amfr,veronica,Amber,Frank,amfr@ftu.dk,mytestcourse
wifi,november,Wilma,Fields,wifi@ftu.dk,mytestcourse
rokn,smokey,Roger,Knight,rokn@ftu.dk,mytestcourse
brri,barney,Brandy,Rivera,brri@ftu.dk,mytestcourse
rato,saints,Randolph,Todd,rato@ftu.dk,mytestcourse
becu,11111,Becky,Curtis,becu@ftu.dk,mytestcourse
leco,pimpin,Levi,Cook,leco@ftu.dk,mytestcourse
juca,security,Judy,Castro,juca@ftu.dk,mytestcourse
mare,arsenal,Mack,Reynolds,mare@ftu.dk,mytestcourse
masta,trinity,Margie,Stanley,masta@ftu.dk,mytestcourse
viha,winter,Vivian,Hamilton,viha@ftu.dk,mytestcourse
lala,scotty,Laverne,Lambert,lala@ftu.dk,mytestcourse
cesch,kramer,Cecilia,Schmidt,cesch@ftu.dk,mytestcourse
costo,cricket,Corey,Stokes,costo@ftu.dk,mytestcourse
geri,6666,Geraldine,Richards,geri@ftu.dk,mytestcourse
gaca,jeffrey,Gabriel,Carlson,gaca@ftu.dk,mytestcourse
japa,shit,Jasmine,Parker,japa@ftu.dk,mytestcourse
gemc,kodiak,Genevieve,Mckinney,gemc@ftu.dk,mytestcourse
alfre,qwerty,Alyssa,Freeman,alfre@ftu.dk,mytestcourse
nalo,fuck,Natalie,Logan,nalo@ftu.dk,mytestcourse
rolo,sparky,Robin,Long,rolo@ftu.dk,mytestcourse
kere,srinivas,Kent,Reed,kere@ftu.dk,mytestcourse
eral,jenny,Erin,Alexander,eral@ftu.dk,mytestcourse
elha,1q2w3e4r,Ella,Hammond,elha@ftu.dk,mytestcourse
cagra,tiger,Cary,Grant,cagra@ftu.dk,mytestcourse
maha,chopper,Mario,Hansen,maha@ftu.dk,mytestcourse
brjo,wanker,Brett,Johnson,brjo@ftu.dk,mytestcourse
trst,xxxxxx,Traci,Stanley,trst@ftu.dk,mytestcourse
clbi,freaky,Clara,Bishop,clbi@ftu.dk,mytestcourse
jowi,horney,Jorge,Wilkins,jowi@ftu.dk,mytestcourse
ismc,87654321,Ismael,Mccoy,ismc@ftu.dk,mytestcourse
mada,chopper,Marilyn,Davidson,mada@ftu.dk,mytestcourse
becl,system,Belinda,Clark,becl@ftu.dk,mytestcourse
bysi,orange,Byron,Silva,bysi@ftu.dk,mytestcourse
tiweb,111111,Tina,Webster,tiweb@ftu.dk,mytestcourse
hafo,cowboys,Harvey,Foster,hafo@ftu.dk,mytestcourse
arbo,spitfire,Arnold,Bowman,arbo@ftu.dk,mytestcourse
sica,nirvana,Silvia,Cain,sica@ftu.dk,mytestcourse
stgo,spider,Stella,Gomez,stgo@ftu.dk,mytestcourse
mibe,jeffrey,Michele,Becker,mibe@ftu.dk,mytestcourse
dema,kitten,Derrick,Maldonado,dema@ftu.dk,mytestcourse
anho,penguin,Ana,Horton,anho@ftu.dk,mytestcourse
myba,horney,Myra,Ball,myba@ftu.dk,mytestcourse
crbe,dallas,Craig,Bennett,crbe@ftu.dk,mytestcourse
vida,abcd1234,Violet,Daniels,vida@ftu.dk,mytestcourse
pabow,budlight,Pauline,Bowers,pabow@ftu.dk,mytestcourse
josm,pokemon,Jordan,Smith,josm@ftu.dk,mytestcourse
nacl,696969,Nathan,Clarke,nacl@ftu.dk,mytestcourse
mame,sunshine,Marion,Medina,mame@ftu.dk,mytestcourse
gual,forever,Guy,Allen,gual@ftu.dk,mytestcourse
anbr,nelson,Angie,Brewer,anbr@ftu.dk,mytestcourse
lele,brother,Leslie,Lewis,lele@ftu.dk,mytestcourse
lomo,horse,Loretta,Morrison,lomo@ftu.dk,mytestcourse
vahi,123123,Valerie,Hines,vahi@ftu.dk,mytestcourse
lyha,eclipse,Lynn,Hall,lyha@ftu.dk,mytestcourse
ruho,super,Ruth,Hogan,ruho@ftu.dk,mytestcourse
jaram,america,Jared,Ramos,jaram@ftu.dk,mytestcourse
mahar,liberty,Marty,Harper,mahar@ftu.dk,mytestcourse
jowat,junior,Josephine,Watson,jowat@ftu.dk,mytestcourse
robu,lacrosse,Roberto,Bush,robu@ftu.dk,mytestcourse
mori,6969,Molly,Richardson,mori@ftu.dk,mytestcourse
dost,beaver,Dora,Stone,dost@ftu.dk,mytestcourse
mahi,princess,Manuel,Hill,mahi@ftu.dk,mytestcourse
hoho,snowball,Horace,Howell,hoho@ftu.dk,mytestcourse
gewa,bitches,Gertrude,Walton,gewa@ftu.dk,mytestcourse
also,monday,Alonzo,Soto,also@ftu.dk,mytestcourse
kado,hotmail,Kayla,Douglas,kado@ftu.dk,mytestcourse
peho,spanky,Pete,Holloway,peho@ftu.dk,mytestcourse
digr,blink182,Diana,Green,digr@ftu.dk,mytestcourse
wmwe,carlos,Wm,Wells,wmwe@ftu.dk,mytestcourse
almar,passport,Alison,Marshall,almar@ftu.dk,mytestcourse
pejef,0000,Percy,Jefferson,pejef@ftu.dk,mytestcourse
yost,princess,Yolanda,Steele,yost@ftu.dk,mytestcourse
tasc,dodgers,Tasha,Schultz,tasc@ftu.dk,mytestcourse
juhar,westside,Justin,Harris,juhar@ftu.dk,mytestcourse
krfr,killer,Kristin,French,krfr@ftu.dk,mytestcourse
timi,genesis,Timmy,Miles,timi@ftu.dk,mytestcourse
cabar,wolverin,Carlos,Barnes,cabar@ftu.dk,mytestcourse
alpa,service,Alejandro,Paul,alpa@ftu.dk,mytestcourse
sacon,viper,Sally,Conner,sacon@ftu.dk,mytestcourse
dala,test123,Dana,Lamb,dala@ftu.dk,mytestcourse
hacr,qazwsx,Hattie,Cross,hacr@ftu.dk,mytestcourse
shco,frank,Sheila,Cook,shco@ftu.dk,mytestcourse
wiyo,duncan,Winifred,Young,wiyo@ftu.dk,mytestcourse
doly,boomer,Donald,Lyons,doly@ftu.dk,mytestcourse
dele,letmein,Dean,Leonard,dele@ftu.dk,mytestcourse
moni,spirit,Monica,Nichols,moni@ftu.dk,mytestcourse
spwe,player,Spencer,Weber,spwe@ftu.dk,mytestcourse
deho,franklin,Dewey,Holmes,deho@ftu.dk,mytestcourse
shba,freaky,Shawna,Barrett,shba@ftu.dk,mytestcourse
alcu,accord,Alberto,Cummings,alcu@ftu.dk,mytestcourse
jewag,porn,Jeremiah,Wagner,jewag@ftu.dk,mytestcourse
doow,arnold,Domingo,Owen,doow@ftu.dk,mytestcourse
tore,wolf,Toby,Reid,tore@ftu.dk,mytestcourse
como,arizona,Conrad,Moody,como@ftu.dk,mytestcourse
caor,1234567,Catherine,Ortega,caor@ftu.dk,mytestcourse
gafi,dolphins,Gary,Fitzgerald,gafi@ftu.dk,mytestcourse
cacar,rocks,Carmen,Carson,cacar@ftu.dk,mytestcourse
daga,chronic,Danielle,Garner,daga@ftu.dk,mytestcourse
gitr,anderson,Gilberto,Tran,gitr@ftu.dk,mytestcourse
pequ,212121,Perry,Quinn,pequ@ftu.dk,mytestcourse
joca,booboo,John,Carter,joca@ftu.dk,mytestcourse
tocoh,alexande,Tomas,Cohen,tocoh@ftu.dk,mytestcourse
dama,booty,Daniel,Mason,dama@ftu.dk,mytestcourse
alol,phantom,Al,Olson,alol@ftu.dk,mytestcourse
joham,summer,Jon,Hamilton,joham@ftu.dk,mytestcourse
shro,andrew,Shirley,Roy,shro@ftu.dk,mytestcourse
blgr,champion,Blanche,Gregory,blgr@ftu.dk,mytestcourse
lysh,elephant,Lynette,Sherman,lysh@ftu.dk,mytestcourse
dame,reddog,Danny,Mendoza,dame@ftu.dk,mytestcourse
rada,carter,Randolph,Davis,rada@ftu.dk,mytestcourse
chta,apollo,Christian,Taylor,chta@ftu.dk,mytestcourse
krpe,whynot,Krista,Pearson,krpe@ftu.dk,mytestcourse
