username,password,firstname,lastname,email,course1
olro,heather,Olevia,Robinson,olro@ftu.dk,mytestcourse
suga,hammer,Suzan,Gallager,suga@ftu.dk,mytestcourse
meha,brandon,Meaghan,Hager,meha@ftu.dk,mytestcourse
alga,121212,Alan,Gallaway,alga@ftu.dk,mytestcourse
esba,lakers,Estefana,Bannon,esba@ftu.dk,mytestcourse
tida,shadow,Tiny,Dampier,tida@ftu.dk,mytestcourse
bema,cookie,Betty,Malveaux,bema@ftu.dk,mytestcourse
owdr,dick,Owen,Drakes,owdr@ftu.dk,mytestcourse
lima,samantha,Liz,Mattern,lima@ftu.dk,mytestcourse
chth,master,Chantel,Thoreson,chth@ftu.dk,mytestcourse
mash,mercedes,Marilee,Shunk,mash@ftu.dk,mytestcourse
wenu,martin,Weston,Nuttall,wenu@ftu.dk,mytestcourse
shsp,654321,Sherrell,Spang,shsp@ftu.dk,mytestcourse
tale,mustang,Tashia,Lemond,tale@ftu.dk,mytestcourse
stgl,falcon,Stephaine,Glidewell,stgl@ftu.dk,mytestcourse
lobu,bulldog,Lottie,Buescher,lobu@ftu.dk,mytestcourse
gaja,coffee,Gale,Jarret,gaja@ftu.dk,mytestcourse
tadu,cowboy,Tarra,Durrell,tadu@ftu.dk,mytestcourse
moba,fuckme,Moses,Bascombe,moba@ftu.dk,mytestcourse
cohs,mike,Cordelia,Hsieh,cohs@ftu.dk,mytestcourse
isma,hello,Isobel,Mascarenas,isma@ftu.dk,mytestcourse
olhe,joseph,Olen,Hersh,olhe@ftu.dk,mytestcourse
cali,monkey,Caitlyn,Linton,cali@ftu.dk,mytestcourse
azju,sparky,Azzie,Junkin,azju@ftu.dk,mytestcourse
loky,fuckyou,Lorene,Kysar,loky@ftu.dk,mytestcourse
aumc,gandalf,Aurea,Mcnichol,aumc@ftu.dk,mytestcourse
talo,richard,Tai,Loos,talo@ftu.dk,mytestcourse
lohe,superman,Louise,Hendriks,lohe@ftu.dk,mytestcourse
dema,pussy,Devon,Macdonnell,dema@ftu.dk,mytestcourse
tidi,brandy,Tien,Dimitri,tidi@ftu.dk,mytestcourse
taha,matrix,Tamica,Hartshorn,taha@ftu.dk,mytestcourse
ocju,pass,Ocie,Jurado,ocju@ftu.dk,mytestcourse
chsh,coffee,Charissa,Shurtz,chsh@ftu.dk,mytestcourse
kake,booboo,Kamilah,Kellough,kake@ftu.dk,mytestcourse
asga,yamaha,Assunta,Gately,asga@ftu.dk,mytestcourse
evgr,andrea,Evon,Grieco,evgr@ftu.dk,mytestcourse
lewa,jennifer,Les,Wakefield,lewa@ftu.dk,mytestcourse
anma,gateway,Annemarie,Marth,anma@ftu.dk,mytestcourse
doto,george,Donald,Torkelson,doto@ftu.dk,mytestcourse
igsc,chester,Ignacia,Scoles,igsc@ftu.dk,mytestcourse
masi,tigger,Marcelina,Singley,masi@ftu.dk,mytestcourse
lobe,cookie,Lorna,Benfer,lobe@ftu.dk,mytestcourse
lekw,1111,Leandra,Kwok,lekw@ftu.dk,mytestcourse
flga,freedom,Floria,Gawronski,flga@ftu.dk,mytestcourse
apso,bigdaddy,April,Sobolik,apso@ftu.dk,mytestcourse
wibr,iloveyou,Winnifred,Brennen,wibr@ftu.dk,mytestcourse
leus,gandalf,Len,Uselton,leus@ftu.dk,mytestcourse
masn,121212,Maria,Snell,masn@ftu.dk,mytestcourse
toro,bigdog,Tonette,Rodger,toro@ftu.dk,mytestcourse
lisc,nascar,Lily,Schlichting,lisc@ftu.dk,mytestcourse
haca,chicago,Haywood,Casterline,haca@ftu.dk,mytestcourse
loco,letmein,Louanne,Covington,loco@ftu.dk,mytestcourse
arle,panties,Archie,Leist,arle@ftu.dk,mytestcourse
roal,2000,Robbyn,Allington,roal@ftu.dk,mytestcourse
wezo,maverick,Wendi,Zoller,wezo@ftu.dk,mytestcourse
shov,mercedes,Sherrell,Overcast,shov@ftu.dk,mytestcourse
rese,diablo,Reagan,Service,rese@ftu.dk,mytestcourse
pogr,cheese,Porsha,Grossman,pogr@ftu.dk,mytestcourse
pivi,snoopy,Piedad,Villani,pivi@ftu.dk,mytestcourse
erri,master,Erna,Rieck,erri@ftu.dk,mytestcourse
olbi,dallas,Ollie,Bizzell,olbi@ftu.dk,mytestcourse
kera,morgan,Kelly,Rand,kera@ftu.dk,mytestcourse
lave,asshole,Lauretta,Veres,lave@ftu.dk,mytestcourse
jush,aaaaaa,Jude,Sherwood,jush@ftu.dk,mytestcourse
kawi,yankees,Karleen,Wimberley,kawi@ftu.dk,mytestcourse
clbu,michael,Clementina,Bushnell,clbu@ftu.dk,mytestcourse
math,porsche,Manual,Threadgill,math@ftu.dk,mytestcourse
gema,player,Gertha,Mattocks,gema@ftu.dk,mytestcourse
anro,bigdaddy,Anja,Roquemore,anro@ftu.dk,mytestcourse
tabo,coffee,Tabetha,Bogar,tabo@ftu.dk,mytestcourse
clbl,steelers,Clarisa,Blandford,clbl@ftu.dk,mytestcourse
saca,chicago,Sara,Camara,saca@ftu.dk,mytestcourse
shpe,chicago,Shawnda,Persaud,shpe@ftu.dk,mytestcourse
jasa,mustang,Jaleesa,Satterlee,jasa@ftu.dk,mytestcourse
dogu,bitch,Donnette,Gutowski,dogu@ftu.dk,mytestcourse
aist,131313,Aisha,Steedley,aist@ftu.dk,mytestcourse
wigr,wizard,Wilbur,Greenwell,wigr@ftu.dk,mytestcourse
jala,samantha,Jazmin,Laxson,jala@ftu.dk,mytestcourse
shpen,batman,Shonda,Pendergrass,shpen@ftu.dk,mytestcourse
krfr,morgan,Kristin,Frerichs,krfr@ftu.dk,mytestcourse
myes,blowme,Myesha,Estelle,myes@ftu.dk,mytestcourse
holu,pepper,Hosea,Lukasiewicz,holu@ftu.dk,mytestcourse
kohu,joshua,Kourtney,Hulse,kohu@ftu.dk,mytestcourse
mashe,coffee,Marita,Shear,mashe@ftu.dk,mytestcourse
thpi,yellow,Thomasena,Pippenger,thpi@ftu.dk,mytestcourse
jemo,knight,Jerome,Mosley,jemo@ftu.dk,mytestcourse
jeou,guitar,Jerrica,Outten,jeou@ftu.dk,mytestcourse
krre,daniel,Kristine,Reiman,krre@ftu.dk,mytestcourse
jaro,bailey,Janelle,Romain,jaro@ftu.dk,mytestcourse
meve,rabbit,Mercy,Vernon,meve@ftu.dk,mytestcourse
medi,hunter,Melani,Dillingham,medi@ftu.dk,mytestcourse
kago,ranger,Kayce,Gorley,kago@ftu.dk,mytestcourse
stpl,letmein,Stella,Plattner,stpl@ftu.dk,mytestcourse
chbo,wizard,Charlyn,Boettcher,chbo@ftu.dk,mytestcourse
jawe,sunshine,Jaimie,Wever,jawe@ftu.dk,mytestcourse
mivi,michael,Milagro,Vines,mivi@ftu.dk,mytestcourse
casp,michelle,Cathern,Speelman,casp@ftu.dk,mytestcourse
endo,ashley,Enedina,Dodds,endo@ftu.dk,mytestcourse
jefa,zxcvbn,Jeanetta,Farraj,jefa@ftu.dk,mytestcourse
stpe,password,Stasia,Pertuit,stpe@ftu.dk,mytestcourse
doly,boomer,Domenica,Lykins,doly@ftu.dk,mytestcourse
elva,nascar,Eleanore,Vaught,elva@ftu.dk,mytestcourse
rodi,password,Romaine,Ditullio,rodi@ftu.dk,mytestcourse
brla,melissa,Brice,Lanphear,brla@ftu.dk,mytestcourse
heel,diablo,Hellen,Elks,heel@ftu.dk,mytestcourse
jamc,johnny,Janna,Mcnickle,jamc@ftu.dk,mytestcourse
magr,tigers,Marlana,Grumbles,magr@ftu.dk,mytestcourse
deca,princess,Delcie,Cao,deca@ftu.dk,mytestcourse
wmbe,love,Wm,Belvins,wmbe@ftu.dk,mytestcourse
eugr,iloveyou,Eunice,Green,eugr@ftu.dk,mytestcourse
reca,iloveyou,Reva,Callan,reca@ftu.dk,mytestcourse
last,samantha,Lawrence,Stokley,last@ftu.dk,mytestcourse
auca,rangers,August,Carreon,auca@ftu.dk,mytestcourse
thho,cowboy,Thalia,Horwitz,thho@ftu.dk,mytestcourse
hubr,fender,Humberto,Brossard,hubr@ftu.dk,mytestcourse
tove,golfer,Tomas,Veneziano,tove@ftu.dk,mytestcourse
frmo,killer,France,Moring,frmo@ftu.dk,mytestcourse
ulga,banana,Ula,Gately,ulga@ftu.dk,mytestcourse
kyro,andrew,Kyung,Romanowski,kyro@ftu.dk,mytestcourse
nohe,fender,Norbert,Hector,nohe@ftu.dk,mytestcourse
jogu,dallas,Joya,Guillermo,jogu@ftu.dk,mytestcourse
wyro,cookie,Wynona,Rodkey,wyro@ftu.dk,mytestcourse
gist,william,Giovanna,Steward,gist@ftu.dk,mytestcourse
mapr,johnny,Marge,Prow,mapr@ftu.dk,mytestcourse
maha,blowme,Maple,Hausler,maha@ftu.dk,mytestcourse
lidr,mickey,Lizzie,Dray,lidr@ftu.dk,mytestcourse
trma,master,Tressa,Mascarenas,trma@ftu.dk,mytestcourse
shca,hunter,Sharolyn,Caver,shca@ftu.dk,mytestcourse
cire,bigtits,Cira,Remillard,cire@ftu.dk,mytestcourse
beco,barney,Bettina,Copp,beco@ftu.dk,mytestcourse
lile,fuckyou,Lisbeth,Leftwich,lile@ftu.dk,mytestcourse
jeli,samantha,Jeanine,Lilley,jeli@ftu.dk,mytestcourse
doke,porn,Dominic,Kellner,doke@ftu.dk,mytestcourse
zuba,mercedes,Zulma,Barrie,zuba@ftu.dk,mytestcourse
brsi,rabbit,Bret,Sigman,brsi@ftu.dk,mytestcourse
elca,dick,Elwanda,Cardoza,elca@ftu.dk,mytestcourse
lomc,computer,Lourdes,Mcguigan,lomc@ftu.dk,mytestcourse
taer,tigers,Talia,Erhart,taer@ftu.dk,mytestcourse
pabi,spider,Pamala,Bittner,pabi@ftu.dk,mytestcourse
jagr,banana,Jason,Graham,jagr@ftu.dk,mytestcourse
eucl,harley,Eusebia,Claybrooks,eucl@ftu.dk,mytestcourse
mamo,freedom,Maragret,Moskowitz,mamo@ftu.dk,mytestcourse
deev,hunter,Deeann,Eves,deev@ftu.dk,mytestcourse
bemad,123456,Bettye,Madero,bemad@ftu.dk,mytestcourse
shbu,tigger,Sheila,Burkley,shbu@ftu.dk,mytestcourse
dari,patrick,Darrin,Ringdahl,dari@ftu.dk,mytestcourse
laho,porn,Latina,Hofstetter,laho@ftu.dk,mytestcourse
olim,michelle,Olive,Immel,olim@ftu.dk,mytestcourse
sain,james,Salley,Infante,sain@ftu.dk,mytestcourse
miva,sexy,Michal,Vandeusen,miva@ftu.dk,mytestcourse
mela,barney,Merlene,Lawalin,mela@ftu.dk,mytestcourse
maey,mike,Maryellen,Eye,maey@ftu.dk,mytestcourse
laca,joseph,Lacy,Cargile,laca@ftu.dk,mytestcourse
dael,wizard,Darline,Elsey,dael@ftu.dk,mytestcourse
taham,peanut,Talitha,Hammell,taham@ftu.dk,mytestcourse
jega,bigdog,Jerald,Gaunce,jega@ftu.dk,mytestcourse
napa,tennis,Nakia,Parenti,napa@ftu.dk,mytestcourse
grzu,samantha,Gricelda,Zulauf,grzu@ftu.dk,mytestcourse
dogue,thunder,Donna,Guerro,dogue@ftu.dk,mytestcourse
jaga,coffee,Jaqueline,Gasaway,jaga@ftu.dk,mytestcourse
dowa,trustno1,Donovan,Walford,dowa@ftu.dk,mytestcourse
chat,iloveyou,Christa,Atnip,chat@ftu.dk,mytestcourse
rucl,121212,Rubie,Cleaver,rucl@ftu.dk,mytestcourse
kroh,nascar,Kristyn,Ohanlon,kroh@ftu.dk,mytestcourse
anco,maverick,Anjelica,Costigan,anco@ftu.dk,mytestcourse
juvr,winter,Judy,Vreeland,juvr@ftu.dk,mytestcourse
leva,cowboys,Lettie,Vantrease,leva@ftu.dk,mytestcourse
brho,secret,Brendan,Horiuchi,brho@ftu.dk,mytestcourse
trro,dragon,Trudie,Rogerson,trro@ftu.dk,mytestcourse
sust,raiders,Suk,Stogner,sust@ftu.dk,mytestcourse
kisc,hardcore,Kiley,Sciacca,kisc@ftu.dk,mytestcourse
stli,hardcore,Stanton,Libby,stli@ftu.dk,mytestcourse
decr,hardcore,Delena,Crawford,decr@ftu.dk,mytestcourse
shle,mickey,Shavonne,Lesesne,shle@ftu.dk,mytestcourse
tapa,whatever,Tai,Patt,tapa@ftu.dk,mytestcourse
wego,zxcvbn,Werner,Goo,wego@ftu.dk,mytestcourse
juma,steven,Justa,Manis,juma@ftu.dk,mytestcourse
kekr,thunder,Kena,Krohn,kekr@ftu.dk,mytestcourse
misc,cowboys,Miranda,Schoonmaker,misc@ftu.dk,mytestcourse
tekl,iceman,Terra,Klausner,tekl@ftu.dk,mytestcourse
olmo,daniel,Olene,Moak,olmo@ftu.dk,mytestcourse
jafa,123456,Jackelyn,Fazekas,jafa@ftu.dk,mytestcourse
jeho,porn,Jefferson,Hout,jeho@ftu.dk,mytestcourse
maje,michelle,Maryanne,Jeong,maje@ftu.dk,mytestcourse
fase,falcon,Fabiola,Seals,fase@ftu.dk,mytestcourse
beri,anthony,Beula,Ricks,beri@ftu.dk,mytestcourse
hica,tiger,Hilma,Carrier,hica@ftu.dk,mytestcourse
kima,123123,Kimberly,Marrinan,kima@ftu.dk,mytestcourse
shpee,2000,Shanti,Peed,shpee@ftu.dk,mytestcourse
mipr,cheese,Misha,Pray,mipr@ftu.dk,mytestcourse
dabu,joshua,Daphne,Butera,dabu@ftu.dk,mytestcourse
chpr,winter,Cher,Preiss,chpr@ftu.dk,mytestcourse
odfr,111111,Odessa,Frantz,odfr@ftu.dk,mytestcourse
fami,yamaha,Fausto,Mike,fami@ftu.dk,mytestcourse
regi,coffee,Retha,Gingerich,regi@ftu.dk,mytestcourse
ewma,666666,Ewa,Mathews,ewma@ftu.dk,mytestcourse
emna,123456,Emmanuel,Nazzaro,emna@ftu.dk,mytestcourse
somo,smokey,Soon,Moodie,somo@ftu.dk,mytestcourse
kadi,please,Kasey,Dishner,kadi@ftu.dk,mytestcourse
bela,brandy,Bernetta,Lauderback,bela@ftu.dk,mytestcourse
